{"cameraMode":{"drawMode":0,"name":"Shaded","section":"Shading Mode"},"sceneLighting":false,"audioPlay":false,"sceneViewState":{"showFog":true,"showMaterialUpdate":false,"showSkybox":true,"showFlares":true,"showImageEffects":true,"showParticleSystems":true},"in2DMode":false,"pivot":{"x":-1.3304963111877442,"y":1.3493365049362183,"z":0.5154938697814941},"rotation":{"x":-0.05210966616868973,"y":0.8636643886566162,"z":-0.09129165858030319,"w":-0.49300867319107058},"size":9.72337818145752,"orthographic":false}